Workbook

Sheet 01_TONG_QUAN
A1: SHOE QC BOX | DỰ TOÁN VẬT TƯ NỘI BỘ
A3: Rev B • 10/10/2026 • Cơ cấu cửa đứng đối diện • 1 prototype • giá VND
A5: TỔNG GIÁ TRỊ VẬT TƯ (mua mới toàn bộ) | E5: TIỀN CẦN MUA SAU KHI TRỪ KHO
A6: ='02_BOM_VAT_TU'!K32 -> 12323000 | E6: ='02_BOM_VAT_TU'!L32 -> 12323000
A10: NHÓM | B10: Ngân sách toàn bộ (đ) | C10: Cần mua (đ) | D10: Tỷ trọng
A11: Vật liệu xưởng | B11: =SUMIF('02_BOM_VAT_TU'!$B$6:$B$31,A11,'02_BOM_VAT_TU'!$K$6:$K$31) -> 2475000 | C11: =SUMIF('02_BOM_VAT_TU'!$B$6:$B$31,A11,'02_BOM_VAT_TU'!$L$6:$L$31) -> 2475000 | D11: =IFERROR(B11/$B$15,0) -> 0.20084395
A12: Cơ cấu cửa | B12: =SUMIF('02_BOM_VAT_TU'!$B$6:$B$31,A12,'02_BOM_VAT_TU'!$K$6:$K$31) -> 5220000 | C12: =SUMIF('02_BOM_VAT_TU'!$B$6:$B$31,A12,'02_BOM_VAT_TU'!$L$6:$L$31) -> 5220000 | D12: =IFERROR(B12/$B$15,0) -> 0.42359815
A13: Vật tư phụ | B13: =SUMIF('02_BOM_VAT_TU'!$B$6:$B$31,A13,'02_BOM_VAT_TU'!$K$6:$K$31) -> 934000 | C13: =SUMIF('02_BOM_VAT_TU'!$B$6:$B$31,A13,'02_BOM_VAT_TU'!$L$6:$L$31) -> 934000 | D13: =IFERROR(B13/$B$15,0) -> 0.075793232
A14: Điện - điều khiển | B14: =SUMIF('02_BOM_VAT_TU'!$B$6:$B$31,A14,'02_BOM_VAT_TU'!$K$6:$K$31) -> 3694000 | C14: =SUMIF('02_BOM_VAT_TU'!$B$6:$B$31,A14,'02_BOM_VAT_TU'!$L$6:$L$31) -> 3694000 | D14: =IFERROR(B14/$B$15,0) -> 0.29976467
A15: TỔNG | B15: =SUM(B11:B14) -> 12323000 | C15: =SUM(C11:C14) -> 12323000 | D15: =SUM(D11:D14) -> 1
A18: PHẠM VI TÍNH GIÁ (chỉ vật liệu và linh kiện)
A19: ✓ Có: nhôm/tấm thép/phôi, ray + block, 2 actuator, gioăng, bu lông, cảm biến và điều khiển cơ bản.
A20: ✓ Xưởng tự cắt, khoan, chấn, lắp ráp: phần công gia công nội bộ được quy về 0 trong BOM này.
A21: ✕ Không có: thuê gia công, nhân công nội bộ, logistics, phí vận chuyển, VAT, chi phí quản lý.
A22: ✕ Không có: 2 cánh tay robot, gripper, camera QC, LED vision, băng tải và đóng hộp giày.
A23: ⓘ Toàn bộ tồn kho mặc định 0 vì chưa biết số lượng thực. Điền vào BOM để tính tiền mua bù.
A24: ⓘ Chọn ray thật trước khi khoan vách/bản mã; block MGN12 có thể lệch kích thước mô hình STEP.
A25: ⚠ Giá web + ước tính, chưa phải báo giá nhà cung cấp. Cần xin RFQ cho ray/block/actuator/PLC.
A26: ⚠ Đây là cấu hình thử nghiệm nguyên lý. Đưa vào dây chuyền cần thẩm định an toàn và điều khiển chống kẹp/chống rơi.
A28: THAM CHIẾU CAD | Không tính trùng P10R: ty actuator đã nằm trong P10.
A29: BOM theo P01–P13, GA_ASSEMBLY_CLOSED.step và bảng BOM Rev A của dự án.

Sheet 02_BOM_VAT_TU
A1: SHOE QC BOX | BOM VẬT TƯ & LINH KIỆN — REV B
A3: 01 prototype • Gia công nhôm/thép tại xưởng • KHÔNG có công gia công, logistics, VAT hay quản lý chung
A5: Mã VT | B5: Nhóm | C5: Nguyên vật liệu / linh kiện | D5: Mã CAD | E5: Quy cách / ghi chú đặt hàng | F5: ĐVT | G5: SL cần cho 1 bộ | H5: SL có trong kho | I5: SL phải mua | J5: Đơn giá tham khảo (đ) | K5: Giá trị đủ vật tư (đ) | L5: Tiền cần chi mua (đ) | M5: Độ tin cậy giá | N5: Nguồn giá / link | O5: Ghi chú kỹ thuật & phạm vi | P5: Trạng thái RFQ
A6: VL01 | B6: Vật liệu xưởng | C6: Nhôm tấm 5052 H32 dày 3 mm | D6: P01 P02 P03 P04 | E6: 1 tấm 1200×2400 mm; tổng chi tiết 2,295 m² | F6: tấm | G6: 1 | H6: 0 | I6: =MAX(0,G6-H6) -> 1 | J6: 1450000 | K6: =G6*J6 -> 1450000 | L6: =I6*J6 -> 1450000 | M6: Giá web quy đổi | N6: https://tampoly.com/gia-nhom-tam-5052/ | O6: 1 tấm 2,88 m² × ~503.000đ/m²; xưởng tự cắt; cần nesting | P6: Cần xác nhận
A7: VL02 | B7: Vật liệu xưởng | C7: Nhôm 5052 H32 dày 4 mm cắt lẻ | D7: P05 | E7: 2 cửa 430×360×4 mm; đặt mua 0,36 m² | F7: m² | G7: 0.36 | H7: 0 | I7: =MAX(0,G7-H7) -> 0.36 | J7: 750000 | K7: =G7*J7 -> 270000 | L7: =I7*J7 -> 270000 | M7: Giá web tham khảo | N7: https://tampoly.com/gia-nhom-tam-5052/ | O7: 0,310 m² chi tiết + dư ~16%; kiểm tra đơn hàng tối thiểu | P7: Cần xác nhận
A8: VL03 | B8: Vật liệu xưởng | C8: Nhôm hộp vuông 30×30×4 mm | D8: P06 P13 | E8: 1 cây dài 6 m; nhu cầu cắt 4,52 m | F8: cây 6m | G8: 1 | H8: 0 | I8: =MAX(0,G8-H8) -> 1 | J8: 650000 | K8: =G8*J8 -> 650000 | L8: =I8*J8 -> 650000 | M8: Ước tính chưa RFQ | O8: Phải đúng chiều dày 4 mm; không thay bằng 1–2 mm mà không sửa CAD | P8: Cần xác nhận
A9: VL04 | B9: Vật liệu xưởng | C9: Thép tấm 5 mm cho giá chữ L | D9: P09 | E9: 8 giá; phôi triển khai ~1,55 kg | F9: kg | G9: 2 | H9: 0 | I9: =MAX(0,G9-H9) -> 2 | J9: 35000 | K9: =G9*J9 -> 70000 | L9: =I9*J9 -> 70000 | M9: Ước tính chưa RFQ | O9: Cho hao hụt/nhập kho 2 kg; cắt và chấn tại xưởng | P9: Cần xác nhận
A10: VL05 | B10: Vật liệu xưởng | C10: Thép tấm 6 mm cho tai nối | D10: P11 | E10: 2 tai 48×108×6 mm; phôi ~0,49 kg | F10: kg | G10: 1 | H10: 0 | I10: =MAX(0,G10-H10) -> 1 | J10: 35000 | K10: =G10*J10 -> 35000 | L10: =I10*J10 -> 35000 | M10: Ước tính chưa RFQ | O10: Cho hao hụt và lượng cắt tối thiểu 1 kg | P10: Cần xác nhận
A11: CK01 | B11: Cơ cấu cửa | C11: Ray dẫn hướng tuyến tính đứng | D11: P07 | E11: 820 mm × 4 thanh; ray lắp cố định | F11: thanh | G11: 4 | H11: 0 | I11: =MAX(0,G11-H11) -> 4 | J11: 400000 | K11: =G11*J11 -> 1600000 | L11: =I11*J11 -> 1600000 | M11: Ước tính chưa RFQ | N11: https://vietmachine.com.vn/ray-truot-con-truot-mgn12.html | O11: Chưa chốt series, chiều dài 820/850 và lỗ gá; giá MGN12 thay đổi theo chiều dài | P11: Cần xác nhận
A12: CK02 | B12: Cơ cấu cửa | C12: Con trượt / guide block | D12: P08 | E12: 2 block/ray × 4 ray = 8 block | F12: cái | G12: 8 | H12: 0 | I12: =MAX(0,G12-H12) -> 8 | J12: 130000 | K12: =G12*J12 -> 1040000 | L12: =I12*J12 -> 1040000 | M12: Ước tính chưa RFQ | N12: https://vietmachine.com.vn/ray-truot-con-truot-mgn12.html | O12: Phải đồng bộ đúng series ray; model STEP là envelope, không phải catalog | P12: Cần xác nhận
A13: CK03 | B13: Cơ cấu cửa | C13: Xy-lanh điện DC 24 V, stroke 350 mm | D13: P10 + P10R | E13: 2 bộ, đã gồm ty và giới hạn nội bộ nếu có | F13: bộ | G13: 2 | H13: 0 | I13: =MAX(0,G13-H13) -> 2 | J13: 1050000 | K13: =G13*J13 -> 2100000 | L13: =I13*J13 -> 2100000 | M13: Có giá web theo hành trình | N13: https://cnc3ds.com/products/xi-lanh-dien-pfde | O13: Xác nhận tốc độ, lực, chiều dài đóng và tự hãm; KHÔNG tính tiền P10R riêng | P13: Cần xác nhận
A14: CK04 | B14: Cơ cấu cửa | C14: Cụm chặn/giữ chống rơi cửa (dự kiến) | D14: Bổ sung | E14: 2 bộ cơ khí cho 2 cửa | F14: bộ | G14: 2 | H14: 0 | I14: =MAX(0,G14-H14) -> 2 | J14: 180000 | K14: =G14*J14 -> 360000 | L14: =I14*J14 -> 360000 | M14: Ước tính chưa RFQ | O14: Chỉ là ngân sách phát triển mẫu, chưa đủ để chứng minh chức năng an toàn | P14: Cần xác nhận
A15: CK05 | B15: Cơ cấu cửa | C15: Cữ chặn cơ khí + cao su giảm chấn | D15: Bổ sung | E15: 2 vị trí/ cửa × 2 cửa | F15: cái | G15: 4 | H15: 0 | I15: =MAX(0,G15-H15) -> 4 | J15: 30000 | K15: =G15*J15 -> 120000 | L15: =I15*J15 -> 120000 | M15: Ước tính chưa RFQ | O15: Giới hạn mở và đóng; chặn riêng khỏi limit switch | P15: Cần xác nhận
A16: PK01 | B16: Vật tư phụ | C16: Dải chổi/nỉ chắn sáng tại cửa | D16: P12 | E16: 8 dải × 360 mm | F16: dải | G16: 8 | H16: 0 | I16: =MAX(0,G16-H16) -> 8 | J16: 25000 | K16: =G16*J16 -> 200000 | L16: =I16*J16 -> 200000 | M16: Ước tính chưa RFQ | O16: Giảm sáng lọt qua cửa; tránh ma sát gây kẹt | P16: Cần xác nhận
A17: PK02 | B17: Vật tư phụ | C17: Gioăng EPDM/vật liệu kín sáng cho vỏ | D17: Bổ sung | E17: 8 m tổng cho các mép tấm cố định | F17: m | G17: 8 | H17: 0 | I17: =MAX(0,G17-H17) -> 8 | J17: 23000 | K17: =G17*J17 -> 184000 | L17: =I17*J17 -> 184000 | M17: Ước tính chưa RFQ | O17: Tăng độ kín sáng ở nắp, vách và mép tiếp giáp | P17: Cần xác nhận
A18: PK03 | B18: Vật tư phụ | C18: Bu lông, ê-cu, long đền M4/M5/M6 | D18: Bổ sung | E18: Lô lắp ráp 1 máy | F18: lô | G18: 1 | H18: 0 | I18: =MAX(0,G18-H18) -> 1 | J18: 300000 | K18: =G18*J18 -> 300000 | L18: =I18*J18 -> 300000 | M18: Ước tính chưa RFQ | O18: Có thể trừ tồn kho; kiểm tra số lượng/ren cuối theo CAD | P18: Cần xác nhận
A19: PK04 | B19: Vật tư phụ | C19: Ke gá nhỏ, keo ren, vật tư cố định | D19: Bổ sung | E19: Lô lắp ráp 1 máy | F19: lô | G19: 1 | H19: 0 | I19: =MAX(0,G19-H19) -> 1 | J19: 130000 | K19: =G19*J19 -> 130000 | L19: =I19*J19 -> 130000 | M19: Ước tính chưa RFQ | O19: Không gồm chi phí gia công, sơn và nhân công | P19: Cần xác nhận
A20: PK05 | B20: Vật tư phụ | C20: Nắp che cơ cấu hoặc tấm che mép ray | D20: Bổ sung | E20: Vật tư xưởng 1 bộ | F20: bộ | G20: 1 | H20: 0 | I20: =MAX(0,G20-H20) -> 1 | J20: 120000 | K20: =G20*J20 -> 120000 | L20: =I20*J20 -> 120000 | M20: Ước tính chưa RFQ | O20: Gia công tại xưởng; rà soát nguy cơ kẹp tay | P20: Cần xác nhận
A21: DK01 | B21: Điện - điều khiển | C21: Cảm biến phát hiện robot/giày tiếp cận | D21: Bổ sung | E21: 2 cửa × 1 cảm biến | F21: cái | G21: 2 | H21: 0 | I21: =MAX(0,G21-H21) -> 2 | J21: 105000 | K21: =G21*J21 -> 210000 | L21: =I21*J21 -> 210000 | M21: Giá web dòng phổ thông | N21: https://websosanh.vn/s/e3f%2Bds30c4.htm | O21: Sensor quang phổ thông không phải sensor an toàn được chứng nhận | P21: Cần xác nhận
A22: DK02 | B22: Điện - điều khiển | C22: Cảm biến kiểm tra vùng cửa thông thoáng | D22: Bổ sung | E22: 2 cửa × 1 vùng dò cơ bản | F22: bộ | G22: 2 | H22: 0 | I22: =MAX(0,G22-H22) -> 2 | J22: 150000 | K22: =G22*J22 -> 300000 | L22: =I22*J22 -> 300000 | M22: Ước tính chưa RFQ | O22: Chỉ để logic vận hành prototype; không thay safety light curtain | P22: Cần xác nhận
A23: DK03 | B23: Điện - điều khiển | C23: Công tắc hành trình cửa mở/đóng | D23: Bổ sung | E23: OPEN + CLOSED cho mỗi cửa | F23: cái | G23: 4 | H23: 0 | I23: =MAX(0,G23-H23) -> 4 | J23: 60000 | K23: =G23*J23 -> 240000 | L23: =I23*J23 -> 240000 | M23: Ước tính chưa RFQ | O23: Độc lập với cảm biến tiếp cận | P23: Cần xác nhận
A24: DK04 | B24: Điện - điều khiển | C24: Bộ điều khiển mini 24 V (PLC/logic I/O) | D24: Bổ sung | E24: 1 bộ cho 2 cửa | F24: bộ | G24: 1 | H24: 0 | I24: =MAX(0,G24-H24) -> 1 | J24: 850000 | K24: =G24*J24 -> 850000 | L24: =I24*J24 -> 850000 | M24: Ước tính chưa RFQ | O24: Chưa chốt PLC/Safety PLC; kiểm tra 2 ngõ điều khiển đảo chiều và I/O | P24: Cần xác nhận
A25: DK05 | B25: Điện - điều khiển | C25: Module đảo chiều động cơ 24 V | D25: Bổ sung | E25: 2 cửa × 1 module | F25: bộ | G25: 2 | H25: 0 | I25: =MAX(0,G25-H25) -> 2 | J25: 230000 | K25: =G25*J25 -> 460000 | L25: =I25*J25 -> 460000 | M25: Giá web dòng phổ thông | N25: https://dientu24hvn.com/san-pham/mach-dao-chieu-dong-co-tu-xa-co-hanh-trinh-10a-433mhz-loai-tot-su-dung-6-24vdc/ | O25: Cần chọn giao tiếp điều khiển và dòng chịu tải theo actuator thực tế | P25: Cần xác nhận
A26: DK06 | B26: Điện - điều khiển | C26: Nguồn 24 V DC 10 A | D26: Bổ sung | E26: 1 nguồn cho 2 cơ cấu và điều khiển | F26: bộ | G26: 1 | H26: 0 | I26: =MAX(0,G26-H26) -> 1 | J26: 424000 | K26: =G26*J26 -> 424000 | L26: =I26*J26 -> 424000 | M26: Có giá web | N26: https://www.denledviet.com.vn/nguon-to-ong-24v-10a | O26: Phải kiểm tra tổng dòng khởi động và xung tải 2 actuator | P26: Cần xác nhận
A27: DK07 | B27: Điện - điều khiển | C27: CB/cầu chì/bảo vệ đầu ra & relay phụ | D27: Bổ sung | E27: 1 lô phần tử bảo vệ | F27: lô | G27: 1 | H27: 0 | I27: =MAX(0,G27-H27) -> 1 | J27: 270000 | K27: =G27*J27 -> 270000 | L27: =I27*J27 -> 270000 | M27: Ước tính chưa RFQ | O27: Dự toán phần tử rời, chưa thẩm định mạch an toàn | P27: Cần xác nhận
A28: DK08 | B28: Điện - điều khiển | C28: Nút dừng khẩn + báo trạng thái | D28: Bổ sung | E28: 1 bộ nút E-stop/đèn báo cơ bản | F28: bộ | G28: 1 | H28: 0 | I28: =MAX(0,G28-H28) -> 1 | J28: 260000 | K28: =G28*J28 -> 260000 | L28: =I28*J28 -> 260000 | M28: Ước tính chưa RFQ | O28: E-stop thật cần thiết kế theo đánh giá rủi ro, không chỉ dùng PLC thường | P28: Cần xác nhận
A29: DK09 | B29: Điện - điều khiển | C29: Dây điện, đầu nối, ống bọc, xích cáp | D29: Bổ sung | E29: 1 lô cho 2 cửa | F29: lô | G29: 1 | H29: 0 | I29: =MAX(0,G29-H29) -> 1 | J29: 260000 | K29: =G29*J29 -> 260000 | L29: =I29*J29 -> 260000 | M29: Ước tính chưa RFQ | O29: Phù hợp đường đi actuator di động, cố định dây an toàn | P29: Cần xác nhận
A30: DK10 | B30: Điện - điều khiển | C30: Hộp điện nhỏ, terminal và thanh DIN | D30: Bổ sung | E30: 1 cụm điều khiển | F30: bộ | G30: 1 | H30: 0 | I30: =MAX(0,G30-H30) -> 1 | J30: 350000 | K30: =G30*J30 -> 350000 | L30: =I30*J30 -> 350000 | M30: Ước tính chưa RFQ | O30: Chọn IP và thể tích hộp theo không gian lắp | P30: Cần xác nhận
A31: DK11 | B31: Điện - điều khiển | C31: Đèn chỉ báo trạng thái cửa 24 V | D31: Bổ sung | E31: 2 vị trí gần cửa | F31: cái | G31: 2 | H31: 0 | I31: =MAX(0,G31-H31) -> 2 | J31: 35000 | K31: =G31*J31 -> 70000 | L31: =I31*J31 -> 70000 | M31: Ước tính chưa RFQ | O31: Không tính LED chiếu sáng camera QC | P31: Cần xác nhận
A32: TỔNG VẬT TƯ | K32: =SUM(K6:K31) -> 12323000 | L32: =SUM(L6:L31) -> 12323000
A34: Chỉnh cột H (tồn kho) và J (đơn giá) → cột I/K/L và Dashboard tự cập nhật. Màu vàng là ô có thể nhập.

Sheet 03_CAT_VAT_LIEU
A1: ĐỊNH MỨC VẬT LIỆU CẮT TẠI XƯỞNG | 1 BỘ QC BOX
A3: Danh sách phôi để bộ phận xưởng tự cắt/khoan; giá chỉ tính một lần ở BOM vật tư, KHÔNG cộng trùng tại đây.
A5: CAD | B5: Tên part | C5: SL | D5: Dài (mm) | E5: Rộng (mm) | F5: Dày (mm) | G5: Vật liệu | H5: Diện tích phôi (m²) | I5: Khối lượng (kg) | J5: Khối lượng riêng | K5: Ghi chú
A6: P01 | B6: Tấm đáy | C6: 1 | D6: 800 | E6: 520 | F6: 3 | G6: Al 5052 | H6: =C6*D6*E6/1000000 -> 0.416 | I6: =H6*F6*J6 -> 3.34464 | J6: 2.68 | K6: Cắt lỗ gá khi dựng bản vẽ
A7: P02 | B7: Tấm nóc | C7: 1 | D7: 800 | E7: 520 | F7: 3 | G7: Al 5052 | H7: =C7*D7*E7/1000000 -> 0.416 | I7: =H7*F7*J7 -> 3.34464 | J7: 2.68 | K7: Tấm kín
A8: P03 | B8: Vách trước / sau | C8: 2 | D8: 800 | E8: 554 | F8: 3 | G8: Al 5052 | H8: =C8*D8*E8/1000000 -> 0.8864 | I8: =H8*F8*J8 -> 7.126656 | J8: 2.68 | K8: Không có cửa
A9: P04 | B9: Hai vách đầu | C9: 2 | D9: 520 | E9: 554 | F9: 3 | G9: Al 5052 | H9: =C9*D9*E9/1000000 -> 0.57616 | I9: =H9*F9*J9 -> 4.6323264 | J9: 2.68 | K9: Có cutout 380 × 310, phôi ngoài nguyên tấm
A10: P05 | B10: Tấm cửa trượt | C10: 2 | D10: 430 | E10: 360 | F10: 4 | G10: Al 5052 | H10: =C10*D10*E10/1000000 -> 0.3096 | I10: =H10*F10*J10 -> 3.318912 | J10: 2.68 | K10: Hành trình nâng 350 mm
A11: P09 | B11: Giá chữ L (phôi trải ước tính) | C11: 8 | D11: 62 | E11: 79 | F11: 5 | G11: Thép | H11: =C11*D11*E11/1000000 -> 0.039184 | I11: =H11*F11*J11 -> 1.537972 | J11: 7.85 | K11: Phôi trải sơ bộ; cần chừa bán kính uốn + K-factor
A12: P11 | B12: Tai nối actuator | C12: 2 | D12: 48 | E12: 108 | F12: 6 | G12: Thép | H12: =C12*D12*E12/1000000 -> 0.010368 | I12: =H12*F12*J12 -> 0.4883328 | J12: 7.85 | K12: Đối chiếu lỗ theo actuator
A15: TỔNG PHÔI TẤM | H15: =SUM(H6:H12) -> 2.653712 | I15: =SUM(I6:I12) -> 23.793479
A18: DANH SÁCH PHÔI NHÔM HỘP 30 × 30 × 4 mm
A19: CAD | B19: Chi tiết | C19: Số đoạn | D19: Dài/đoạn (mm) | E19: Tổng dài (mm)
A20: P06 | B20: Trụ đỡ ray | C20: 4 | D20: 880 | E20: =C20*D20 -> 3520
A21: P13 | B21: Giằng đỉnh | C21: 2 | D21: 500 | E21: =C21*D21 -> 1000
A22: CẦN (m) | E22: =SUM(E20:E21)/1000 -> 4.52
A23: MUA (m) | E23: =6 -> 6
A24: DƯ (m) | E24: =E23-E22 -> 1.48
A27: Lưu ý: 1 tấm Al 5052 3 mm 1200×2400 có diện tích 2,88 m²; tổng phôi P01–P04 ~2,295 m². Kiểm tra nesting và đường cắt trước khi mua.
A28: Nhôm cửa 4 mm dùng ~0,310 m² phôi, BOM mua cắt lẻ 0,36 m². Không trừ diện tích cutout khi tính diện tích tấm phôi mua.

Sheet 04_NGUON_GIA
A1: CƠ SỞ GIÁ & HƯỚNG DẪN XIN BÁO GIÁ
A4: STT | B4: Hạng mục | C4: Cơ sở/độ tin cậy | D4: Đơn giá/nhận xét | E4: Nguồn liên kết | F4: Việc cần xác nhận
A5: 1 | B5: Nhôm 5052 3 mm | C5: Giá tham khảo thị trường | D5: 420–650 nghìn đ/m²; BOM dùng ~503 nghìn đ/m² | E5: https://tampoly.com/gia-nhom-tam-5052/ | F5: Có bán 1 tấm 1200×2400? Giá tấm nguyên và khổ tồn kho
A6: 2 | B6: Nhôm 5052 4 mm | C6: Giá tham khảo thị trường | D6: 560–850 nghìn đ/m²; BOM dùng 750 nghìn đ/m² | E6: https://tampoly.com/gia-nhom-tam-5052/ | F6: Giá cắt lẻ 0,36 m² hay cần mua nguyên tấm
A7: 3 | B7: Ray + block | C7: Giá đang ước tính | D7: Ray 400 nghìn/thanh, block 130 nghìn/cái | E7: https://vietmachine.com.vn/ray-truot-con-truot-mgn12.html | F7: Đúng series, tải, dài 820 mm và mẫu lỗ gá; cần RFQ
A8: 4 | B8: Actuator 24 V 350 mm | C8: Có công bố giá theo hành trình | D8: 1.050.000đ/chiếc theo cấu hình 350 mm | E8: https://cnc3ds.com/products/xi-lanh-dien-pfde | F8: Chốt tốc độ/lực/chu kỳ, chống rơi và kích thước khi thu hết
A9: 5 | B9: Nguồn 24 V 10 A | C9: Có giá trực tiếp | D9: 424.000đ/ bộ | E9: https://www.denledviet.com.vn/nguon-to-ong-24v-10a | F9: Đủ dòng đỉnh 2 actuator hay không
A10: 6 | B10: Module đảo chiều 24 V | C10: Giá tham khảo trực tiếp | D10: 230.000đ/bộ (module phổ thông) | E10: https://dientu24hvn.com/san-pham/mach-dao-chieu-dong-co-tu-xa-co-hanh-trinh-10a-433mhz-loai-tot-su-dung-6-24vdc/ | F10: Tương thích PLC/sensor và dòng khởi động actuator
A11: 7 | B11: Cảm biến quang tiếp cận | C11: Giá thị trường dòng phổ thông | D11: Ví dụ 100–119 nghìn đ/cái | E11: https://websosanh.vn/s/e3f%2Bds30c4.htm | F11: Không nhầm hàng phổ thông với cảm biến an toàn
A12: 8 | B12: Nhôm hộp 30×30×4 | C12: Đang ước tính | D12: 650 nghìn đ/cây 6 m | F12: Tìm đúng độ dày 4 mm và nhôm hộp; không dùng giá thép 30×30
A13: 9 | B13: Bản mã thép, gioăng, nút, dây điện, PLC | C13: Đang ước tính | D13: Tạm tính để dự trù, chưa phải báo giá | F13: Xin giá vật tư tồn xưởng trước, sau đó giá mua ngoài
A16: ƯU TIÊN XIN GIÁ: RAY + BLOCK → ACTUATOR → NHÔM HỘP 30×30×4 → PLC/driver → 2 BỘ CẢM BIẾN
A18: MỐC NGÂN SÁCH: ĐÂY LÀ BOM PROTOTYPE CHỨ KHÔNG PHẢI HỒ SƠ AN TOÀN MÁY CÔNG NGHIỆP.
A19: Chi phí an toàn chức năng bổ sung (safety relay / safety light curtain / bảo vệ chống kẹp) chỉ chốt sau đánh giá rủi ro, KHÔNG đã được tính đủ trong BOM này.
