Workbook

Sheet 01_TONG_QUAN
A1: SHOE QC BOX | KẾ HOẠCH SẢN XUẤT NHANH
A3: Rev A • 1 prototype • thời gian NGÀY LÀM VIỆC • mốc gốc khởi động ngày 12/10/2026
A5: THÔNG SỐ ĐIỀU ĐỘ | B5: GIÁ TRỊ | C5: GHI CHÚ
A6: Ngày khởi động | B6: 46307 | C6: Thứ hai sau ngày 10/10/2026; có thể sửa ngày
A7: Số ngày làm việc/tuần | B7: 5 | C7: Thứ 2 đến thứ 6; không bao gồm các ngày lễ
A8: Giờ làm việc/ngày | B8: 8 | C8: Quy đổi nhân công; không phải thời gian cycle cửa
A9: Số bộ prototype | B9: 1 | C9: BOM và kế hoạch cho một bộ
A10: Điều kiện tăng tốc | B10: Vật tư có sẵn, xưởng ưu tiên | C10: Chọn mua và phát hành drawing sớm
A11: Mức tin cậy lịch | B11: Ước tính – chưa có PO | C11: Cập nhật lead time sau khi có đơn hàng
A13: CHỈ TIÊU TIẾN ĐỘ | B13: GIÁ TRỊ | C13: ĐƠN VỊ | D13: Ý NGHĨA
A14: Tổng khối lượng lịch | B14: =MAX('02_CONG_VIEC'!$I$7:$I$26) -> 24 | C14: ngày LV | D14: Theo phụ thuộc công việc, không cộng thẳng duration
A15: Ngày hoàn thành dự kiến | B15: =WORKDAY($B$6-1,B14) -> 46338 | C15: ngày | D15: T2–T6, chưa trừ ngày lễ
A16: Số hạng mục công việc | B16: =COUNTA('02_CONG_VIEC'!$A$7:$A$26) -> 20 | C16: task | D16: Gồm thiết kế, mua hàng, gia công, lắp, QC
A17: Đã hoàn thành | B17: =COUNTIF('02_CONG_VIEC'!$M$7:$M$26,"Hoàn thành") -> 0 | C17: task | D17: Nhập trạng thái ở sheet 02_CONG_VIEC
A18: Đang làm | B18: =COUNTIF('02_CONG_VIEC'!$M$7:$M$26,"Đang làm") -> 0 | C18: task | D18: Trạng thái đang thực hiện
A19: Task bị chậm / bị chặn | B19: =COUNTIF('02_CONG_VIEC'!$M$7:$M$26,"Chậm")+COUNTIF('02_CONG_VIEC'!$M$7:$M$26,"Bị chặn") -> 0 | C19: task | D19: Ưu tiên xử lý ngay
A20: Tiến độ weighted theo ngày LV | B20: =IFERROR(SUMPRODUCT('02_CONG_VIEC'!$E$7:$E$26,'02_CONG_VIEC'!$N$7:$N$26)/SUM('02_CONG_VIEC'!$E$7:$E$26),0) -> 0 | C20: % | D20: Nhập % hoàn thành tại mỗi task
A23: KỊCH BẢN | B23: NGÀY LV | C23: ƯỚC TÍNH | D23: ĐIỀU KIỆN
A24: Fast-track | B24: 18–20 | C24: ~4 tuần lịch | D24: Có sẵn actuator/rail, nhà xưởng ưu tiên, giảm thời gian chờ
A25: Base plan | B25: =B14 -> 24 | C25: ~5 tuần lịch | D25: Theo network phụ thuộc công việc, không nghỉ lễ
A26: Chậm hàng / sửa CAD | B26: 30–35 | C26: ~6–7 tuần lịch | D26: Actuator thiếu kho, sửa bracket, QC lỗi
A29: ĐƯỜNG GĂNG CẦN THEO DÕI: chốt actuator/rail → CAD release → nhận linh kiện/gia công → lắp ray/cửa → điều khiển liên động → kiểm tra chống rơi/va chạm → FAT. Lead time của NCC chưa cam kết.
A32: CHỈ TEST TỰ ĐỘNG TRÊN MÁY THẬT khi đã đánh giá nguy cơ kẹp và chống rơi; logic mô phỏng không thay thế chức năng an toàn công nghiệp được thẩm định.

Sheet 02_CONG_VIEC
A1: KẾ HOẠCH SẢN XUẤT | SHOE QC BOX
A3: 01 prototype Rev A • NGÀY LÀM VIỆC (T2–T6), chưa tính ngày lễ • các việc liên quan tính theo phụ thuộc
A6: Mã | B6: Công việc | C6: Giai đoạn | D6: Phụ trách | E6: Thời lượng (ngày LV) | F6: Tiền nhiệm 1 | G6: Tiền nhiệm 2 | H6: Bắt đầu (ngày thứ) | I6: Kết thúc (ngày thứ) | J6: Ngày bắt đầu | K6: Ngày kết thúc | L6: Bàn giao / mốc kiểm | M6: Trạng thái | N6: Hoàn thành % | O6: Phụ thuộc / lưu ý
A7: T01 | B7: Chốt CAD Rev A / drawing & khoảng hở giày | C7: Thiết kế | D7: Mechanical Engineer | E7: 2 | H7: =1 -> 1 | I7: =H7+E7-1 -> 2 | J7: =WORKDAY('01_TONG_QUAN'!$B$6-1,H7) -> 46307 | K7: =WORKDAY('01_TONG_QUAN'!$B$6-1,I7) -> 46308 | L7: Gói CAD duyệt | M7: Chưa bắt đầu | N7: 0 | O7: Chốt các lỗ gá ray & actuator cùng spec
A8: T02 | B8: Gửi RFQ và xác minh tồn kho | C8: Mua hàng | D8: Procurement | E8: 2 | H8: =1 -> 1 | I8: =H8+E8-1 -> 2 | J8: =WORKDAY('01_TONG_QUAN'!$B$6-1,H8) -> 46307 | K8: =WORKDAY('01_TONG_QUAN'!$B$6-1,I8) -> 46308 | L8: RFQ ít nhất 2 nhà cung cấp | M8: Chưa bắt đầu | N8: 0 | O8: Đặt ưu tiên ray, block, actuator 350mm
A9: T03 | B9: Duyệt actuator: tải, tốc độ, chống rơi | C9: Thiết kế | D9: Mechanical + Safety | E9: 2 | F9: T01 | H9: =MAX(I7)+1 -> 3 | I9: =H9+E9-1 -> 4 | J9: =WORKDAY('01_TONG_QUAN'!$B$6-1,H9) -> 46309 | K9: =WORKDAY('01_TONG_QUAN'!$B$6-1,I9) -> 46310 | L9: Biên bản xác nhận truyền động | M9: Chưa bắt đầu | N9: 0 | O9: 10mm/s có thể quá chậm; chưa chứng minh an toàn
A10: T04 | B10: Phát hành drawing cho xưởng | C10: Thiết kế | D10: Mechanical Engineer | E10: 1 | F10: T01 | G10: T03 | H10: =MAX(I7,I9)+1 -> 5 | I10: =H10+E10-1 -> 5 | J10: =WORKDAY('01_TONG_QUAN'!$B$6-1,H10) -> 46311 | K10: =WORKDAY('01_TONG_QUAN'!$B$6-1,I10) -> 46311 | L10: Drawing release | M10: Chưa bắt đầu | N10: 0 | O10: Không phát hành trước khi chốt lỗ bắt
A11: T05 | B11: Nhận vật liệu nhôm, thép và phụ kiện | C11: Mua hàng | D11: Procurement | E11: 3 | F11: T02 | H11: =MAX(I8)+1 -> 3 | I11: =H11+E11-1 -> 5 | J11: =WORKDAY('01_TONG_QUAN'!$B$6-1,H11) -> 46309 | K11: =WORKDAY('01_TONG_QUAN'!$B$6-1,I11) -> 46311 | L11: Phiếu nhập NVL | M11: Chưa bắt đầu | N11: 0 | O11: Lead time 3 ngày LV là giả định kho nội địa
A12: T06 | B12: Nhận ray dẫn hướng + block | C12: Mua hàng | D12: Procurement | E12: 4 | F12: T02 | H12: =MAX(I8)+1 -> 3 | I12: =H12+E12-1 -> 6 | J12: =WORKDAY('01_TONG_QUAN'!$B$6-1,H12) -> 46309 | K12: =WORKDAY('01_TONG_QUAN'!$B$6-1,I12) -> 46314 | L12: 4 rail + 8 block | M12: Chưa bắt đầu | N12: 0 | O12: Yêu cầu đo đúng lỗ gá block thực
A13: T07 | B13: Nhận 2 actuator 24V stroke 350mm | C13: Mua hàng | D13: Procurement | E13: 8 | F13: T02 | H13: =MAX(I8)+1 -> 3 | I13: =H13+E13-1 -> 10 | J13: =WORKDAY('01_TONG_QUAN'!$B$6-1,H13) -> 46309 | K13: =WORKDAY('01_TONG_QUAN'!$B$6-1,I13) -> 46318 | L13: 2 actuator + catalog + test | M13: Chưa bắt đầu | N13: 0 | O13: Lead time 8 ngày LV GIẢ ĐỊNH, xác nhận PO
A14: T08 | B14: Nhận điện, sensor, vật tư an toàn | C14: Mua hàng | D14: Procurement | E14: 4 | F14: T02 | H14: =MAX(I8)+1 -> 3 | I14: =H14+E14-1 -> 6 | J14: =WORKDAY('01_TONG_QUAN'!$B$6-1,H14) -> 46309 | K14: =WORKDAY('01_TONG_QUAN'!$B$6-1,I14) -> 46314 | L14: PLC/relay/sensor đã đủ | M14: Chưa bắt đầu | N14: 0 | O14: Chỉ điện điều khiển cửa, chưa phải hệ safety-certified
A15: T09 | B15: Laser cắt 6 tấm vỏ và 2 cửa | C15: Gia công | D15: Laser Supplier | E15: 3 | F15: T04 | G15: T05 | H15: =MAX(I10,I11)+1 -> 6 | I15: =H15+E15-1 -> 8 | J15: =WORKDAY('01_TONG_QUAN'!$B$6-1,H15) -> 46314 | K15: =WORKDAY('01_TONG_QUAN'!$B$6-1,I15) -> 46316 | L15: Tấm cắt theo Rev A | M15: Chưa bắt đầu | N15: 0 | O15: Bố trí nesting & lỗ cửa theo STEP
A16: T10 | B16: Gia công bracket, trụ ray, thanh giằng | C16: Gia công | D16: Machine Shop | E16: 3 | F16: T04 | G16: T05 | H16: =MAX(I10,I11)+1 -> 6 | I16: =H16+E16-1 -> 8 | J16: =WORKDAY('01_TONG_QUAN'!$B$6-1,H16) -> 46314 | K16: =WORKDAY('01_TONG_QUAN'!$B$6-1,I16) -> 46316 | L16: Brackets & frame ready | M16: Chưa bắt đầu | N16: 0 | O16: Cần dùng catalog ray/actuator chốt
A17: T11 | B17: Xử lý ba via / sơn / kiểm tra part | C17: Gia công | D17: Machine Shop | E17: 2 | F17: T09 | G17: T10 | H17: =MAX(I15,I16)+1 -> 9 | I17: =H17+E17-1 -> 10 | J17: =WORKDAY('01_TONG_QUAN'!$B$6-1,H17) -> 46317 | K17: =WORKDAY('01_TONG_QUAN'!$B$6-1,I17) -> 46318 | L17: Part QA OK | M17: Chưa bắt đầu | N17: 0 | O17: Sơn và anodize nếu yêu cầu; tránh làm lệch kích thước lắp
A18: T12 | B18: IQC actuator, rail, sensor đầu vào | C18: Kiểm tra | D18: QC Engineer | E18: 1 | F18: T06 | G18: T07 | H18: =MAX(I12,I13,I14)+1 -> 11 | I18: =H18+E18-1 -> 11 | J18: =WORKDAY('01_TONG_QUAN'!$B$6-1,H18) -> 46321 | K18: =WORKDAY('01_TONG_QUAN'!$B$6-1,I18) -> 46321 | L18: IQC đầu vào đạt | M18: Chưa bắt đầu | N18: 0 | O18: Đo hành trình, chức năng công tắc, 24V
A19: T13 | B19: Lắp khung hộp 6 mặt | C19: Lắp ráp | D19: Mechanical Technician | E19: 2 | F19: T11 | H19: =MAX(I17)+1 -> 11 | I19: =H19+E19-1 -> 12 | J19: =WORKDAY('01_TONG_QUAN'!$B$6-1,H19) -> 46321 | K19: =WORKDAY('01_TONG_QUAN'!$B$6-1,I19) -> 46322 | L19: Box assembled | M19: Chưa bắt đầu | N19: 0 | O19: Bảo đảm đủ khẩu độ 380×310 mm
A20: T14 | B20: Căn chỉnh ray / gá block | C20: Lắp ráp | D20: Mechanical Technician | E20: 1 | F20: T06 | G20: T13 | H20: =MAX(I12,I19)+1 -> 13 | I20: =H20+E20-1 -> 13 | J20: =WORKDAY('01_TONG_QUAN'!$B$6-1,H20) -> 46323 | K20: =WORKDAY('01_TONG_QUAN'!$B$6-1,I20) -> 46323 | L20: Ray chạy êm, song song | M20: Chưa bắt đầu | N20: 0 | O20: Ray cố định, cửa gắn block di chuyển
A21: T15 | B21: Lắp 2 tấm cửa và actuator | C21: Lắp ráp | D21: Mechanical Technician | E21: 2 | F21: T07 | G21: T14 | H21: =MAX(I13,I20)+1 -> 14 | I21: =H21+E21-1 -> 15 | J21: =WORKDAY('01_TONG_QUAN'!$B$6-1,H21) -> 46324 | K21: =WORKDAY('01_TONG_QUAN'!$B$6-1,I21) -> 46325 | L21: 2 shutters stroke verified | M21: Chưa bắt đầu | N21: 0 | O21: Kiểm tra 0–350 mm; chống rơi
A22: T16 | B22: Đi dây sensor, PLC/driver, E-stop | C22: Điện/Điều khiển | D22: Electrical Engineer | E22: 2 | F22: T08 | G22: T15 | H22: =MAX(I14,I21)+1 -> 16 | I22: =H22+E22-1 -> 17 | J22: =WORKDAY('01_TONG_QUAN'!$B$6-1,H22) -> 46328 | K22: =WORKDAY('01_TONG_QUAN'!$B$6-1,I22) -> 46329 | L22: Wiring test / I/O list | M22: Chưa bắt đầu | N22: 0 | O22: Không dùng chỉ sensor approach để cho phép đóng
A23: T17 | B23: Test động học và interlock trái/phải | C23: Kiểm tra | D23: Controls + QC | E23: 2 | F23: T16 | H23: =MAX(I22)+1 -> 18 | I23: =H23+E23-1 -> 19 | J23: =WORKDAY('01_TONG_QUAN'!$B$6-1,H23) -> 46330 | K23: =WORKDAY('01_TONG_QUAN'!$B$6-1,I23) -> 46331 | L23: Protocol kiểm thử cửa | M23: Chưa bắt đầu | N23: 0 | O23: Thử mọi tình huống bị chặn đóng
A24: T18 | B24: Test rò sáng, clearance, fail-safe | C24: Kiểm tra | D24: Mechanical + QC | E24: 2 | F24: T17 | H24: =MAX(I23)+1 -> 20 | I24: =H24+E24-1 -> 21 | J24: =WORKDAY('01_TONG_QUAN'!$B$6-1,H24) -> 46332 | K24: =WORKDAY('01_TONG_QUAN'!$B$6-1,I24) -> 46335 | L24: Biên bản leak-light / clearance | M24: Chưa bắt đầu | N24: 0 | O24: Chưa phải test performance camera
A25: T19 | B25: Chạy thử liên tục và thu log | C25: Kiểm tra | D25: Controls + QC | E25: 1 | F25: T18 | H25: =MAX(I24)+1 -> 22 | I25: =H25+E25-1 -> 22 | J25: =WORKDAY('01_TONG_QUAN'!$B$6-1,H25) -> 46336 | K25: =WORKDAY('01_TONG_QUAN'!$B$6-1,I25) -> 46336 | L25: 50 cycle log / danh sách lỗi | M25: Chưa bắt đầu | N25: 0 | O25: Chưa đủ đánh giá tuổi thọ hàng loạt
A26: T20 | B26: Khắc phục, nghiệm thu & bàn giao | C26: Bàn giao | D26: PM + Team | E26: 2 | F26: T19 | H26: =MAX(I25)+1 -> 23 | I26: =H26+E26-1 -> 24 | J26: =WORKDAY('01_TONG_QUAN'!$B$6-1,H26) -> 46337 | K26: =WORKDAY('01_TONG_QUAN'!$B$6-1,I26) -> 46338 | L26: FAT nội bộ / bàn giao Rev A | M26: Chưa bắt đầu | N26: 0 | O26: Chốt vấn đề tồn đọng và điều kiện dùng thật

Sheet 03_GANTT
A1: GANTT | 36 NGÀY LÀM VIỆC
A3: Biểu đồ lấy trực tiếp từ thời lượng, phụ thuộc và ngày khởi động trong sheet 01/02 • Gantt thay đổi theo dữ liệu
A5: GANTT REV A | G5: Ngày → | H5: =WORKDAY('01_TONG_QUAN'!$B$6-1,1) -> 46307 | I5: =WORKDAY('01_TONG_QUAN'!$B$6-1,2) -> 46308 | J5: =WORKDAY('01_TONG_QUAN'!$B$6-1,3) -> 46309 | K5: =WORKDAY('01_TONG_QUAN'!$B$6-1,4) -> 46310 | L5: =WORKDAY('01_TONG_QUAN'!$B$6-1,5) -> 46311 | M5: =WORKDAY('01_TONG_QUAN'!$B$6-1,6) -> 46314 | N5: =WORKDAY('01_TONG_QUAN'!$B$6-1,7) -> 46315 | O5: =WORKDAY('01_TONG_QUAN'!$B$6-1,8) -> 46316 | P5: =WORKDAY('01_TONG_QUAN'!$B$6-1,9) -> 46317 | Q5: =WORKDAY('01_TONG_QUAN'!$B$6-1,10) -> 46318 | R5: =WORKDAY('01_TONG_QUAN'!$B$6-1,11) -> 46321 | S5: =WORKDAY('01_TONG_QUAN'!$B$6-1,12) -> 46322 | T5: =WORKDAY('01_TONG_QUAN'!$B$6-1,13) -> 46323 | U5: =WORKDAY('01_TONG_QUAN'!$B$6-1,14) -> 46324 | V5: =WORKDAY('01_TONG_QUAN'!$B$6-1,15) -> 46325 | W5: =WORKDAY('01_TONG_QUAN'!$B$6-1,16) -> 46328 | X5: =WORKDAY('01_TONG_QUAN'!$B$6-1,17) -> 46329 | Y5: =WORKDAY('01_TONG_QUAN'!$B$6-1,18) -> 46330 | Z5: =WORKDAY('01_TONG_QUAN'!$B$6-1,19) -> 46331 | AA5: =WORKDAY('01_TONG_QUAN'!$B$6-1,20) -> 46332 | AB5: =WORKDAY('01_TONG_QUAN'!$B$6-1,21) -> 46335 | AC5: =WORKDAY('01_TONG_QUAN'!$B$6-1,22) -> 46336 | AD5: =WORKDAY('01_TONG_QUAN'!$B$6-1,23) -> 46337 | AE5: =WORKDAY('01_TONG_QUAN'!$B$6-1,24) -> 46338 | AF5: =WORKDAY('01_TONG_QUAN'!$B$6-1,25) -> 46339 | AG5: =WORKDAY('01_TONG_QUAN'!$B$6-1,26) -> 46342 | AH5: =WORKDAY('01_TONG_QUAN'!$B$6-1,27) -> 46343 | AI5: =WORKDAY('01_TONG_QUAN'!$B$6-1,28) -> 46344 | AJ5: =WORKDAY('01_TONG_QUAN'!$B$6-1,29) -> 46345 | AK5: =WORKDAY('01_TONG_QUAN'!$B$6-1,30) -> 46346 | AL5: =WORKDAY('01_TONG_QUAN'!$B$6-1,31) -> 46349 | AM5: =WORKDAY('01_TONG_QUAN'!$B$6-1,32) -> 46350 | AN5: =WORKDAY('01_TONG_QUAN'!$B$6-1,33) -> 46351 | AO5: =WORKDAY('01_TONG_QUAN'!$B$6-1,34) -> 46352 | AP5: =WORKDAY('01_TONG_QUAN'!$B$6-1,35) -> 46353 | AQ5: =WORKDAY('01_TONG_QUAN'!$B$6-1,36) -> 46356
A6: ID | B6: Công việc | C6: Đơn vị phụ trách | D6: BĐ (ngày LV) | E6: KT (ngày LV) | F6: Thời lượng | G6: Giai đoạn | H6: 1 | I6: 2 | J6: 3 | K6: 4 | L6: 5 | M6: 6 | N6: 7 | O6: 8 | P6: 9 | Q6: 10 | R6: 11 | S6: 12 | T6: 13 | U6: 14 | V6: 15 | W6: 16 | X6: 17 | Y6: 18 | Z6: 19 | AA6: 20 | AB6: 21 | AC6: 22 | AD6: 23 | AE6: 24 | AF6: 25 | AG6: 26 | AH6: 27 | AI6: 28 | AJ6: 29 | AK6: 30 | AL6: 31 | AM6: 32 | AN6: 33 | AO6: 34 | AP6: 35 | AQ6: 36
A7: T01 | B7: Chốt CAD Rev A / drawing & khoảng hở giày | C7: Mechanical Engineer | D7: ='02_CONG_VIEC'!H7 -> 1 | E7: ='02_CONG_VIEC'!I7 -> 2 | F7: ='02_CONG_VIEC'!E7 -> 2 | G7: Thiết kế | H7: =IF(AND(H$6>=$D7,H$6<=$E7),1,"") | I7: =IF(AND(I$6>=$D7,I$6<=$E7),1,"") | J7: =IF(AND(J$6>=$D7,J$6<=$E7),1,"") | K7: =IF(AND(K$6>=$D7,K$6<=$E7),1,"") | L7: =IF(AND(L$6>=$D7,L$6<=$E7),1,"") | M7: =IF(AND(M$6>=$D7,M$6<=$E7),1,"") | N7: =IF(AND(N$6>=$D7,N$6<=$E7),1,"") | O7: =IF(AND(O$6>=$D7,O$6<=$E7),1,"") | ... AQ7: =IF(AND(AQ$6>=$D7,AQ$6<=$E7),1,"")
A8: T02 | B8: Gửi RFQ và xác minh tồn kho | C8: Procurement | D8: ='02_CONG_VIEC'!H8 -> 1 | E8: ='02_CONG_VIEC'!I8 -> 2 | F8: ='02_CONG_VIEC'!E8 -> 2 | G8: Mua hàng | H8: =IF(AND(H$6>=$D8,H$6<=$E8),1,"") | I8: =IF(AND(I$6>=$D8,I$6<=$E8),1,"") | J8: =IF(AND(J$6>=$D8,J$6<=$E8),1,"") | K8: =IF(AND(K$6>=$D8,K$6<=$E8),1,"") | L8: =IF(AND(L$6>=$D8,L$6<=$E8),1,"") | M8: =IF(AND(M$6>=$D8,M$6<=$E8),1,"") | N8: =IF(AND(N$6>=$D8,N$6<=$E8),1,"") | O8: =IF(AND(O$6>=$D8,O$6<=$E8),1,"") | ... AQ8: =IF(AND(AQ$6>=$D8,AQ$6<=$E8),1,"")
A9: T03 | B9: Duyệt actuator: tải, tốc độ, chống rơi | C9: Mechanical + Safety | D9: ='02_CONG_VIEC'!H9 -> 3 | E9: ='02_CONG_VIEC'!I9 -> 4 | F9: ='02_CONG_VIEC'!E9 -> 2 | G9: Thiết kế | H9: =IF(AND(H$6>=$D9,H$6<=$E9),1,"") | I9: =IF(AND(I$6>=$D9,I$6<=$E9),1,"") | J9: =IF(AND(J$6>=$D9,J$6<=$E9),1,"") | K9: =IF(AND(K$6>=$D9,K$6<=$E9),1,"") | L9: =IF(AND(L$6>=$D9,L$6<=$E9),1,"") | M9: =IF(AND(M$6>=$D9,M$6<=$E9),1,"") | N9: =IF(AND(N$6>=$D9,N$6<=$E9),1,"") | O9: =IF(AND(O$6>=$D9,O$6<=$E9),1,"") | ... AQ9: =IF(AND(AQ$6>=$D9,AQ$6<=$E9),1,"")
A10: T04 | B10: Phát hành drawing cho xưởng | C10: Mechanical Engineer | D10: ='02_CONG_VIEC'!H10 -> 5 | E10: ='02_CONG_VIEC'!I10 -> 5 | F10: ='02_CONG_VIEC'!E10 -> 1 | G10: Thiết kế | H10: =IF(AND(H$6>=$D10,H$6<=$E10),1,"") | I10: =IF(AND(I$6>=$D10,I$6<=$E10),1,"") | J10: =IF(AND(J$6>=$D10,J$6<=$E10),1,"") | K10: =IF(AND(K$6>=$D10,K$6<=$E10),1,"") | L10: =IF(AND(L$6>=$D10,L$6<=$E10),1,"") | M10: =IF(AND(M$6>=$D10,M$6<=$E10),1,"") | N10: =IF(AND(N$6>=$D10,N$6<=$E10),1,"") | O10: =IF(AND(O$6>=$D10,O$6<=$E10),1,"") | ... AQ10: =IF(AND(AQ$6>=$D10,AQ$6<=$E10),1,"")
A11: T05 | B11: Nhận vật liệu nhôm, thép và phụ kiện | C11: Procurement | D11: ='02_CONG_VIEC'!H11 -> 3 | E11: ='02_CONG_VIEC'!I11 -> 5 | F11: ='02_CONG_VIEC'!E11 -> 3 | G11: Mua hàng | H11: =IF(AND(H$6>=$D11,H$6<=$E11),1,"") | I11: =IF(AND(I$6>=$D11,I$6<=$E11),1,"") | J11: =IF(AND(J$6>=$D11,J$6<=$E11),1,"") | K11: =IF(AND(K$6>=$D11,K$6<=$E11),1,"") | L11: =IF(AND(L$6>=$D11,L$6<=$E11),1,"") | M11: =IF(AND(M$6>=$D11,M$6<=$E11),1,"") | N11: =IF(AND(N$6>=$D11,N$6<=$E11),1,"") | O11: =IF(AND(O$6>=$D11,O$6<=$E11),1,"") | ... AQ11: =IF(AND(AQ$6>=$D11,AQ$6<=$E11),1,"")
A12: T06 | B12: Nhận ray dẫn hướng + block | C12: Procurement | D12: ='02_CONG_VIEC'!H12 -> 3 | E12: ='02_CONG_VIEC'!I12 -> 6 | F12: ='02_CONG_VIEC'!E12 -> 4 | G12: Mua hàng | H12: =IF(AND(H$6>=$D12,H$6<=$E12),1,"") | I12: =IF(AND(I$6>=$D12,I$6<=$E12),1,"") | J12: =IF(AND(J$6>=$D12,J$6<=$E12),1,"") | K12: =IF(AND(K$6>=$D12,K$6<=$E12),1,"") | L12: =IF(AND(L$6>=$D12,L$6<=$E12),1,"") | M12: =IF(AND(M$6>=$D12,M$6<=$E12),1,"") | N12: =IF(AND(N$6>=$D12,N$6<=$E12),1,"") | O12: =IF(AND(O$6>=$D12,O$6<=$E12),1,"") | ... AQ12: =IF(AND(AQ$6>=$D12,AQ$6<=$E12),1,"")
A13: T07 | B13: Nhận 2 actuator 24V stroke 350mm | C13: Procurement | D13: ='02_CONG_VIEC'!H13 -> 3 | E13: ='02_CONG_VIEC'!I13 -> 10 | F13: ='02_CONG_VIEC'!E13 -> 8 | G13: Mua hàng | H13: =IF(AND(H$6>=$D13,H$6<=$E13),1,"") | I13: =IF(AND(I$6>=$D13,I$6<=$E13),1,"") | J13: =IF(AND(J$6>=$D13,J$6<=$E13),1,"") | K13: =IF(AND(K$6>=$D13,K$6<=$E13),1,"") | L13: =IF(AND(L$6>=$D13,L$6<=$E13),1,"") | M13: =IF(AND(M$6>=$D13,M$6<=$E13),1,"") | N13: =IF(AND(N$6>=$D13,N$6<=$E13),1,"") | O13: =IF(AND(O$6>=$D13,O$6<=$E13),1,"") | ... AQ13: =IF(AND(AQ$6>=$D13,AQ$6<=$E13),1,"")
A14: T08 | B14: Nhận điện, sensor, vật tư an toàn | C14: Procurement | D14: ='02_CONG_VIEC'!H14 -> 3 | E14: ='02_CONG_VIEC'!I14 -> 6 | F14: ='02_CONG_VIEC'!E14 -> 4 | G14: Mua hàng | H14: =IF(AND(H$6>=$D14,H$6<=$E14),1,"") | I14: =IF(AND(I$6>=$D14,I$6<=$E14),1,"") | J14: =IF(AND(J$6>=$D14,J$6<=$E14),1,"") | K14: =IF(AND(K$6>=$D14,K$6<=$E14),1,"") | L14: =IF(AND(L$6>=$D14,L$6<=$E14),1,"") | M14: =IF(AND(M$6>=$D14,M$6<=$E14),1,"") | N14: =IF(AND(N$6>=$D14,N$6<=$E14),1,"") | O14: =IF(AND(O$6>=$D14,O$6<=$E14),1,"") | ... AQ14: =IF(AND(AQ$6>=$D14,AQ$6<=$E14),1,"")
A15: T09 | B15: Laser cắt 6 tấm vỏ và 2 cửa | C15: Laser Supplier | D15: ='02_CONG_VIEC'!H15 -> 6 | E15: ='02_CONG_VIEC'!I15 -> 8 | F15: ='02_CONG_VIEC'!E15 -> 3 | G15: Gia công | H15: =IF(AND(H$6>=$D15,H$6<=$E15),1,"") | I15: =IF(AND(I$6>=$D15,I$6<=$E15),1,"") | J15: =IF(AND(J$6>=$D15,J$6<=$E15),1,"") | K15: =IF(AND(K$6>=$D15,K$6<=$E15),1,"") | L15: =IF(AND(L$6>=$D15,L$6<=$E15),1,"") | M15: =IF(AND(M$6>=$D15,M$6<=$E15),1,"") | N15: =IF(AND(N$6>=$D15,N$6<=$E15),1,"") | O15: =IF(AND(O$6>=$D15,O$6<=$E15),1,"") | ... AQ15: =IF(AND(AQ$6>=$D15,AQ$6<=$E15),1,"")
A16: T10 | B16: Gia công bracket, trụ ray, thanh giằng | C16: Machine Shop | D16: ='02_CONG_VIEC'!H16 -> 6 | E16: ='02_CONG_VIEC'!I16 -> 8 | F16: ='02_CONG_VIEC'!E16 -> 3 | G16: Gia công | H16: =IF(AND(H$6>=$D16,H$6<=$E16),1,"") | I16: =IF(AND(I$6>=$D16,I$6<=$E16),1,"") | J16: =IF(AND(J$6>=$D16,J$6<=$E16),1,"") | K16: =IF(AND(K$6>=$D16,K$6<=$E16),1,"") | L16: =IF(AND(L$6>=$D16,L$6<=$E16),1,"") | M16: =IF(AND(M$6>=$D16,M$6<=$E16),1,"") | N16: =IF(AND(N$6>=$D16,N$6<=$E16),1,"") | O16: =IF(AND(O$6>=$D16,O$6<=$E16),1,"") | ... AQ16: =IF(AND(AQ$6>=$D16,AQ$6<=$E16),1,"")
A17: T11 | B17: Xử lý ba via / sơn / kiểm tra part | C17: Machine Shop | D17: ='02_CONG_VIEC'!H17 -> 9 | E17: ='02_CONG_VIEC'!I17 -> 10 | F17: ='02_CONG_VIEC'!E17 -> 2 | G17: Gia công | H17: =IF(AND(H$6>=$D17,H$6<=$E17),1,"") | I17: =IF(AND(I$6>=$D17,I$6<=$E17),1,"") | J17: =IF(AND(J$6>=$D17,J$6<=$E17),1,"") | K17: =IF(AND(K$6>=$D17,K$6<=$E17),1,"") | L17: =IF(AND(L$6>=$D17,L$6<=$E17),1,"") | M17: =IF(AND(M$6>=$D17,M$6<=$E17),1,"") | N17: =IF(AND(N$6>=$D17,N$6<=$E17),1,"") | O17: =IF(AND(O$6>=$D17,O$6<=$E17),1,"") | ... AQ17: =IF(AND(AQ$6>=$D17,AQ$6<=$E17),1,"")
A18: T12 | B18: IQC actuator, rail, sensor đầu vào | C18: QC Engineer | D18: ='02_CONG_VIEC'!H18 -> 11 | E18: ='02_CONG_VIEC'!I18 -> 11 | F18: ='02_CONG_VIEC'!E18 -> 1 | G18: Kiểm tra | H18: =IF(AND(H$6>=$D18,H$6<=$E18),1,"") | I18: =IF(AND(I$6>=$D18,I$6<=$E18),1,"") | J18: =IF(AND(J$6>=$D18,J$6<=$E18),1,"") | K18: =IF(AND(K$6>=$D18,K$6<=$E18),1,"") | L18: =IF(AND(L$6>=$D18,L$6<=$E18),1,"") | M18: =IF(AND(M$6>=$D18,M$6<=$E18),1,"") | N18: =IF(AND(N$6>=$D18,N$6<=$E18),1,"") | O18: =IF(AND(O$6>=$D18,O$6<=$E18),1,"") | ... AQ18: =IF(AND(AQ$6>=$D18,AQ$6<=$E18),1,"")
... A26: T20 | B26: Khắc phục, nghiệm thu & bàn giao | C26: PM + Team | D26: ='02_CONG_VIEC'!H26 -> 23 | E26: ='02_CONG_VIEC'!I26 -> 24 | F26: ='02_CONG_VIEC'!E26 -> 2 | G26: Bàn giao | H26: =IF(AND(H$6>=$D26,H$6<=$E26),1,"") | I26: =IF(AND(I$6>=$D26,I$6<=$E26),1,"") | J26: =IF(AND(J$6>=$D26,J$6<=$E26),1,"") | K26: =IF(AND(K$6>=$D26,K$6<=$E26),1,"") | L26: =IF(AND(L$6>=$D26,L$6<=$E26),1,"") | M26: =IF(AND(M$6>=$D26,M$6<=$E26),1,"") | N26: =IF(AND(N$6>=$D26,N$6<=$E26),1,"") | O26: =IF(AND(O$6>=$D26,O$6<=$E26),1,"") | ... AQ26: =IF(AND(AQ$6>=$D26,AQ$6<=$E26),1,"")

Sheet 04_NHAN_LUC
A1: NHÂN SỰ | NĂNG LỰC TỔ ĐỘI
A3: Nguồn lực tối thiểu dự kiến cho 1 prototype; không phải bảng chấm công thực tế; đơn giá nhân công nằm ở file BOM
A5: Nhóm / vai trò | B5: Số người | C5: Công việc chính | D5: Lượng công dự trù | E5: Đơn vị | F5: Rủi ro nếu thiếu người | G5: Hành động
A6: Thiết kế cơ khí | B6: 1 | C6: CAD release, vị trí ray, chọn actuator | D6: 5 | E6: ngày công | F6: Duyệt CAD trễ → gia công sai lỗ | G6: Ưu tiên engineering review vào ngày 1–4
A7: Mua hàng | B7: 1 | C7: RFQ, PO, thúc giao ray/actuator | D7: 7 | E7: ngày công rải | F7: Không mua đồng thời → kéo dài lịch | G7: RFQ đồng thời ít nhất 2 bên
A8: Xưởng laser / gia công | B8: 1 | C8: Laser, bracket, hoàn thiện | D8: 8 | E8: ngày công xưởng | F8: Xưởng không giữ slot / tấm thiếu | G8: Booking slot trước khi xuất drawing
A9: Kỹ thuật lắp cơ khí | B9: 1 | C9: Lắp khung, chỉnh ray, actuator | D9: 4 | E9: ngày công | F9: Ray bị lệch làm kẹt cửa | G9: Căn chỉnh với đồng hồ so/ê-ke
A10: Kỹ thuật điện & điều khiển | B10: 1 | C10: Đấu nối sensor, driver, interlock | D10: 4 | E10: ngày công | F10: Chưa chốt PLC và dây sensor | G10: I/O list trước khi đấu
A11: QC / kỹ thuật an toàn | B11: 1 | C11: IQC, test cửa, clearance, FAT | D11: 6 | E11: ngày công rải | F11: Không hoàn thành safety review | G11: Checklist từng trạng thái
A14: LIÊN KẾT NGÂN SÁCH
A15: Trong file BOM chi phí, nhân công chỉ tính phần thi công tại chỗ: 22 giờ cơ khí, 15 giờ điện và 15 giờ nghiệm thu. Ngày công ở đây mô tả khả năng bố trí nguồn lực theo lịch; KHÔNG cộng thêm vào giá thành để tránh double count.

Sheet 05_MOC_RUI_RO
A1: MỐC NGHIỆM THU & RỦI RO TIẾN ĐỘ
A3: Các cổng kiểm cần ký duyệt trước khi qua bước tiếp theo; dùng cho họp nhanh với sếp và nhà cung cấp
A5: Gate | B5: Mốc bắt buộc | C5: Thời điểm dự kiến | D5: Chứng từ / điều kiện đạt | E5: Người duyệt | F5: Rủi ro | G5: Ưu tiên | H5: Trạng thái
A6: G1 | B6: Drawing đã khóa | C6: T04 | D6: BOM và lỗ gá theo catalog, clearance giày và gripper đã đối chiếu | E6: Lead Mechanical | F6: Đổi model rail/actuator làm lại thiết kế | G6: Rất cao | H6: Chưa duyệt
A7: G2 | B7: Đã nhận đủ linh kiện trọng yếu | C7: T12 | D7: Ray, block, actuator, nguồn và sensor được IQC | E7: Purchasing + QC | F7: Actuator giao chậm/lệch stroke | G7: Rất cao | H7: Chưa duyệt
A8: G3 | B8: Cửa trượt mượt bằng tay | C8: T15 | D8: Cửa 0–350mm không kẹt, có limit cơ khí, ray song song | E8: Mechanical Lead | F8: Cửa kẹt/không đồng trục | G8: Cao | H8: Chưa duyệt
A9: G4 | B9: Đã test liên động điều khiển | C9: T17 | D9: Chỉ 1 bên mở; khi vùng cửa bị chiếm không đóng | E9: Electrical + Safety | F9: Sensor sai kiểu, thiếu logic xác nhận rút hết | G9: Rất cao | H9: Chưa duyệt
A10: G5 | B10: Đánh giá rủi ro chống rơi/va chạm | C10: T18 | D10: Kiểm tra mất điện/khí, vùng tay robot, ánh sáng lọt | E10: Safety + QC | F10: Không đủ mức bảo vệ để chạy robot thật | G10: Rất cao | H10: Chưa duyệt
A11: G6 | B11: FAT nội bộ & bàn giao | C11: T20 | D11: Run log, video, checklist, issue list, linh kiện cuối | E11: PM / Giám sát | F11: Lỗi chưa khắc phục và ngân sách phát sinh | G11: Cao | H11: Chưa duyệt
A14: Fast-track chỉ được duyệt nếu G1 và xác nhận hàng sẵn kho đã hoàn tất. Nếu motor nâng 10mm/s thì 350mm cần 35 giây/lần mở; phải chốt yêu cầu cycle time thực tế trước phát hành PO.

Sheet 06_HUONG_DAN
A1: HƯỚNG DẪN CẬP NHẬT & ĐIỀU ĐỘ
A3: Quy trình dùng 2 file cùng nhau để chốt ngân sách và tiến độ sản xuất nguyên mẫu
A5: Bước | B5: Thao tác | C5: Vị trí | D5: Kết quả mong đợi | E5: Ai thực hiện | F5: Chu kỳ cập nhật
A6: 1 | B6: Chốt model ray/block/actuator (giá, stroke, speed, lead) | C6: BOM → 02_BOM_CAD và 04_NGUON_GIA | D6: Không chốt lỗ gá khi model actuator còn chưa rõ | E6: Mechanical + Mua hàng | F6: Ngày 1–2
A7: 2 | B7: Lấy báo giá 2–3 NCC, sửa số vàng | C7: BOM → 02_BOM_CAD & 03_CHI_PHI_BO_SUNG | D7: Tổng ngân sách tự đổi trên dashboard | E7: Mua hàng | F7: Ngay khi có báo giá
A8: 3 | B8: Chọn VAT đúng hóa đơn & ngân sách dự phòng | C8: BOM → 01_TONG_QUAN | D8: Con số trình duyệt chính thức hơn | E8: Kế toán + PM | F8: Khi duyệt PO
A9: 4 | B9: Sửa ngày khởi động, thời lượng, tiền nhiệm | C9: Kế hoạch → 01_TONG_QUAN & 02_CONG_VIEC | D9: Ngày kết thúc/Gantt tự tính lại | E9: PM | F9: Hằng ngày
A10: 5 | B10: Nhập trạng thái và phần trăm hoàn thành | C10: Kế hoạch → 02_CONG_VIEC cột M, N | D10: Dashboard phản ánh actual progress | E10: Trưởng nhóm | F10: Mỗi cuối ngày
A11: 6 | B11: Duyệt G1–G6 & hồ sơ kiểm thử | C11: Kế hoạch → 05_MOC_RUI_RO | D11: Có danh sách điểm chặn trước khi bàn giao | E11: PM + QC | F11: Tại cổng nghiệm thu
A12: 7 | B12: Khi supplier trễ, tăng thời lượng hạng mục mua | C12: Kế hoạch → 02_CONG_VIEC T05–T08 | D12: Đường găng và ngày bàn giao điều chỉnh | E12: PM + Mua hàng | F12: Ngay khi biết chậm
A15: QUY ƯỚC: Ô VÀNG = người dùng nhập/chỉnh. Ô còn lại có thể chứa công thức. Không sửa các ô công thức. Số ngày LV = T2–T6, chưa loại trừ lễ Việt Nam. Không xem lịch hoặc giá dự toán như xác nhận của nhà cung cấp.
